{"cameraMode":{"drawMode":0,"name":"Shaded","section":"Shading Mode"},"sceneLighting":false,"audioPlay":false,"sceneViewState":{"showFog":true,"showMaterialUpdate":false,"showSkybox":true,"showFlares":true,"showImageEffects":true,"showParticleSystems":true},"in2DMode":false,"pivot":{"x":0.0,"y":0.0010000001639127732,"z":-7.450580596923828e-9},"rotation":{"x":0.09389013051986695,"y":0.8717439770698547,"z":-0.4442398250102997,"w":0.18411429226398469},"size":2.275893211364746,"orthographic":false}