{"cameraMode":{"drawMode":0,"name":"Shaded","section":"Shading Mode"},"sceneLighting":true,"audioPlay":false,"sceneViewState":{"showFog":true,"showMaterialUpdate":false,"showSkybox":true,"showFlares":true,"showImageEffects":true,"showParticleSystems":true},"in2DMode":false,"pivot":{"x":-6.250991344451904,"y":0.5329663753509522,"z":5.336516380310059},"rotation":{"x":0.443398654460907,"y":-0.09167367219924927,"z":0.04564972594380379,"w":0.8904547691345215},"size":5.899229049682617,"orthographic":false}