{"cameraMode":{"drawMode":0,"name":"Shaded","section":"Shading Mode"},"sceneLighting":false,"audioPlay":false,"sceneViewState":{"showFog":true,"showMaterialUpdate":false,"showSkybox":true,"showFlares":true,"showImageEffects":true,"showParticleSystems":true},"in2DMode":false,"pivot":{"x":-0.027959704399108888,"y":0.0014437567442655564,"z":0.0032479166984558107},"rotation":{"x":0.09389013051986695,"y":0.8717439770698547,"z":-0.4442398250102997,"w":0.18411429226398469},"size":6.207187652587891,"orthographic":false}